{
  "vector-only": {
    "Precision": 0.2285714285714286,
    "Recall": 0.9883116883116884,
    "F1-Score": 0.37127564621308184,
    "Exact Match Rate": 0.0,
    "FP Pressure": 4.913294797687861,
    "Detect Rate": 0.9896,
    "Affected Recall": 0.9888,
    "by_label": {
      "duplicate": {
        "Detect Rate": 1.0,
        "Affected Recall": 1.0
      },
      "supersedes": {
        "Detect Rate": 0.9860465116279069,
        "Affected Recall": 0.9860465116279069
      },
      "contradiction": {
        "Detect Rate": 0.9846153846153847,
        "Affected Recall": 0.9769230769230769
      }
    }
  },
  "metadata-only": {
    "Precision": 0.24151515151515152,
    "Recall": 0.8753246753246753,
    "F1-Score": 0.37852629960639433,
    "Exact Match Rate": 0.02857142857142857,
    "FP Pressure": 3.9352601156069364,
    "Detect Rate": 0.9013,
    "Affected Recall": 0.8607,
    "by_label": {
      "duplicate": {
        "Detect Rate": 0.9619047619047618,
        "Affected Recall": 0.9619047619047618
      },
      "supersedes": {
        "Detect Rate": 0.9255813953488372,
        "Affected Recall": 0.9023255813953488
      },
      "contradiction": {
        "Detect Rate": 0.7230769230769231,
        "Affected Recall": 0.6461538461538462
      }
    }
  },
  "graph-only": {
    "Precision": 0.18025974025974026,
    "Recall": 0.7675324675324675,
    "F1-Score": 0.2919485836803914,
    "Exact Match Rate": 0.0,
    "FP Pressure": 4.331791907514451,
    "Detect Rate": 0.787,
    "Affected Recall": 0.7798,
    "by_label": {
      "duplicate": {
        "Detect Rate": 0.8571428571428571,
        "Affected Recall": 0.8571428571428571
      },
      "supersedes": {
        "Detect Rate": 0.758139534883721,
        "Affected Recall": 0.7465116279069768
      },
      "contradiction": {
        "Detect Rate": 0.7692307692307693,
        "Affected Recall": 0.6923076923076923
      }
    }
  },
  "hybrid": {
    "Precision": 0.23012987012987016,
    "Recall": 0.9961038961038962,
    "F1-Score": 0.3738815521890355,
    "Exact Match Rate": 0.0,
    "FP Pressure": 4.913294797687861,
    "Detect Rate": 0.9974,
    "Affected Recall": 0.9955,
    "by_label": {
      "duplicate": {
        "Detect Rate": 1.0,
        "Affected Recall": 1.0
      },
      "supersedes": {
        "Detect Rate": 1.0,
        "Affected Recall": 1.0
      },
      "contradiction": {
        "Detect Rate": 0.9846153846153847,
        "Affected Recall": 0.9769230769230769
      }
    }
  }
}